<?xml version="1.0" encoding="UTF-8"?>
<project-private xmlns="http://www.netbeans.org/ns/project-private/1">
    <editor-bookmarks xmlns="http://www.netbeans.org/ns/editor-bookmarks/2" lastBookmarkId="0"/>
    <open-files xmlns="http://www.netbeans.org/ns/projectui-open-files/2">
        <group>
            <file>file:/C:/Users/byuel/Downloads/Associate%20Degree/Programming/Assignment/ass_2_AugustOo_s4019427/src/mtbullerresortbyaugust/ResortGUI.java</file>
            <file>file:/C:/Users/byuel/Downloads/Associate%20Degree/Programming/Assignment/ass_2_AugustOo_s4019427/src/mtbullerresortbyaugust/MtBullerAdmin.java</file>
        </group>
    </open-files>
</project-private>
